{
  "manifest.json": 1767709502234,
  "Component.js": 1765868742702,
  "controller/Main.controller.js": 1769099933506,
  "controller/App.controller.js": 1765868742702,
  "i18n/i18n.properties": 1765868742702,
  "model/models.js": 1765868742702,
  "model/models-dbg.js": 1765868742702,
  "model/models.js.map": 1769100098122,
  "controller/Main-dbg.controller.js": 1769099933506,
  "controller/Main.controller.js.map": 1769100098244,
  "controller/App-dbg.controller.js": 1765868742702,
  "controller/App.controller.js.map": 1769100098124,
  "Component-dbg.js": 1765868742702,
  "Component.js.map": 1769100098124,
  "Component-preload.js": 1769100098494,
  "Component-preload.js.map": 1769100098494,
  "view/fragments/UploadSetupDialog.fragment.xml": 1769099991942,
  "view/fragments/UploadAmortizationDialog.fragment.xml": 1765981842120,
  "view/fragments/SetupForm.fragment.xml": 1769099980406,
  "view/fragments/DataSourceMapping.fragment.xml": 1769099976778,
  "view/fragments/CurrentSetups.fragment.xml": 1769099960990,
  "view/Main.view.xml": 1769100017634,
  "view/App.view.xml": 1765868742702,
  "css/style.css": 1765868742702,
  "index.html": 1765868742702
}