{
  "model/models-dbg.js": 1765868742702,
  "manifest.json": 1767709502234,
  "controller/Main.controller.js": 1769608717893,
  "controller/App.controller.js": 1765868742702,
  "model/models.js": 1765868742702,
  "Component.js": 1765868742702,
  "Component-dbg.js": 1765868742702,
  "Component.js.map": 1769609371632,
  "controller/App-dbg.controller.js": 1765868742702,
  "controller/App.controller.js.map": 1769609371621,
  "i18n/i18n.properties": 1765868742702,
  "model/models.js.map": 1769609371631,
  "controller/Main-dbg.controller.js": 1769608717893,
  "controller/Main.controller.js.map": 1769609371753,
  "Component-preload.js": 1769609371918,
  "Component-preload.js.map": 1769609371918,
  "view/fragments/UploadSetupDialog.fragment.xml": 1769608793001,
  "view/fragments/UploadAmortizationDialog.fragment.xml": 1769608778081,
  "view/fragments/SetupForm.fragment.xml": 1769099980406,
  "view/fragments/DataSourceMapping.fragment.xml": 1769608761193,
  "view/fragments/CurrentSetups.fragment.xml": 1769608741981,
  "view/Main.view.xml": 1769608816889,
  "view/App.view.xml": 1765868742702,
  "css/style.css": 1765868742702,
  "index.html": 1765868742702
}