{
  "view/fragments/UploadAmortizationDialog.fragment.xml": 1765981842120,
  "controller/App.controller.js": 1765868742702,
  "controller/Main.controller.js": 1767714556578,
  "model/models.js": 1765868742702,
  "manifest.json": 1767709502234,
  "Component.js": 1765868742702,
  "model/models-dbg.js": 1765868742702,
  "model/models.js.map": 1767718374078,
  "controller/Main-dbg.controller.js": 1767714556578,
  "controller/Main.controller.js.map": 1767718374184,
  "controller/App-dbg.controller.js": 1765868742702,
  "controller/App.controller.js.map": 1767718374100,
  "Component-dbg.js": 1765868742702,
  "Component.js.map": 1767718374080,
  "Component-preload.js": 1767718374348,
  "Component-preload.js.map": 1767718374348,
  "view/fragments/UploadSetupDialog.fragment.xml": 1765975890141,
  "i18n/i18n.properties": 1765868742702,
  "view/fragments/SetupForm.fragment.xml": 1765869983755,
  "view/fragments/CurrentSetups.fragment.xml": 1765980674609,
  "view/Main.view.xml": 1767718070061,
  "view/App.view.xml": 1765868742702,
  "css/style.css": 1765868742702,
  "index.html": 1765868742702
}