{
  "model/models.js": 1765868742702,
  "controller/Main.controller.js": 1768924564810,
  "i18n/i18n.properties": 1765868742702,
  "controller/App.controller.js": 1765868742702,
  "manifest.json": 1767709502234,
  "Component.js": 1765868742702,
  "controller/Main-dbg.controller.js": 1768924564810,
  "controller/Main.controller.js.map": 1768926415193,
  "model/models-dbg.js": 1765868742702,
  "model/models.js.map": 1768926415082,
  "controller/App-dbg.controller.js": 1765868742702,
  "controller/App.controller.js.map": 1768926415072,
  "Component-dbg.js": 1765868742702,
  "Component.js.map": 1768926415082,
  "Component-preload.js": 1768926415447,
  "Component-preload.js.map": 1768926415448,
  "view/fragments/UploadSetupDialog.fragment.xml": 1765975890141,
  "view/fragments/UploadAmortizationDialog.fragment.xml": 1765981842120,
  "view/fragments/SetupForm.fragment.xml": 1767891712165,
  "view/fragments/DataSourceMapping.fragment.xml": 1768926399216,
  "view/fragments/CurrentSetups.fragment.xml": 1768919133076,
  "view/Main.view.xml": 1768925276117,
  "view/App.view.xml": 1765868742702,
  "css/style.css": 1765868742702,
  "index.html": 1765868742702
}