{
  "model/models.js.map": 1768453101061,
  "model/models.js": 1765868742702,
  "controller/Main.controller.js": 1767959108754,
  "controller/App.controller.js": 1765868742702,
  "manifest.json": 1767709502234,
  "Component.js": 1765868742702,
  "Component-dbg.js": 1765868742702,
  "Component.js.map": 1768453101059,
  "controller/Main-dbg.controller.js": 1767959108754,
  "controller/Main.controller.js.map": 1768453101159,
  "controller/App-dbg.controller.js": 1765868742702,
  "controller/App.controller.js.map": 1768453101059,
  "model/models-dbg.js": 1765868742702,
  "i18n/i18n.properties": 1765868742702,
  "Component-preload.js": 1768453101402,
  "Component-preload.js.map": 1768453101402,
  "view/fragments/UploadSetupDialog.fragment.xml": 1765975890141,
  "view/fragments/UploadAmortizationDialog.fragment.xml": 1765981842120,
  "view/fragments/SetupForm.fragment.xml": 1767891712165,
  "view/fragments/CurrentSetups.fragment.xml": 1767961944377,
  "view/Main.view.xml": 1768453066307,
  "view/App.view.xml": 1765868742702,
  "css/style.css": 1765868742702,
  "index.html": 1765868742702
}