{
  "view/fragments/MessagePopover.fragment.xml": 1770736257394,
  "manifest.json": 1770745491450,
  "controller/Main.controller.js": 1770899106270,
  "controller/App.controller.js": 1765868742702,
  "model/models.js": 1765868742702,
  "Component.js": 1765868742702,
  "Component-dbg.js": 1765868742702,
  "Component.js.map": 1770899268755,
  "controller/App-dbg.controller.js": 1765868742702,
  "controller/App.controller.js.map": 1770899268745,
  "model/models-dbg.js": 1765868742702,
  "model/models.js.map": 1770899268744,
  "controller/Main-dbg.controller.js": 1770899106270,
  "controller/Main.controller.js.map": 1770899268931,
  "Component-preload.js": 1770899269140,
  "Component-preload.js.map": 1770899269140,
  "view/fragments/UploadSetupDialog.fragment.xml": 1770731211947,
  "view/fragments/UploadAmortizationDialog.fragment.xml": 1770731202115,
  "view/fragments/ShareDialog.fragment.xml": 1770731120423,
  "view/fragments/SetupForm.fragment.xml": 1770731188995,
  "i18n/i18n.properties": 1765868742702,
  "view/fragments/DataSourceMapping.fragment.xml": 1770731177943,
  "view/fragments/CurrentSetups.fragment.xml": 1770731167915,
  "view/fragments/ChartDetailsDialog.fragment.xml": 1770734509217,
  "view/Main.view.xml": 1770745954475,
  "view/App.view.xml": 1765868742702,
  "css/style.css": 1770736243070,
  "index.html": 1765868742702
}