{
  "css/style.css": 1765868401184,
  "model/models.js": 1765868401192,
  "controller/Main.controller.js": 1765868401180,
  "controller/App.controller.js": 1765868401176,
  "manifest.json": 1765868401192,
  "Component.js": 1765868401176,
  "controller/App-dbg.controller.js": 1765868401176,
  "controller/App.controller.js.map": 1765868526838,
  "controller/Main-dbg.controller.js": 1765868401180,
  "controller/Main.controller.js.map": 1765868526982,
  "model/models-dbg.js": 1765868401192,
  "model/models.js.map": 1765868526816,
  "Component-dbg.js": 1765868401176,
  "Component.js.map": 1765868526882,
  "Component-preload.js": 1765868527178,
  "Component-preload.js.map": 1765868527178,
  "view/fragments/SetupForm.fragment.xml": 1765868401204,
  "view/Main.view.xml": 1765868401200,
  "view/App.view.xml": 1765868401196,
  "i18n/i18n.properties": 1765868401188,
  "index.html": 1765868401192
}