{
  "Component-preload.js": 1770732623088,
  "Component.js": 1765868742702,
  "controller/Main.controller.js": 1770732588472,
  "controller/App.controller.js": 1765868742702,
  "manifest.json": 1770731249507,
  "model/models.js": 1765868742702,
  "model/models-dbg.js": 1765868742702,
  "model/models.js.map": 1770732622690,
  "controller/Main-dbg.controller.js": 1770732588472,
  "controller/Main.controller.js.map": 1770732622873,
  "controller/App-dbg.controller.js": 1765868742702,
  "controller/App.controller.js.map": 1770732622684,
  "Component-dbg.js": 1765868742702,
  "Component.js.map": 1770732622674,
  "i18n/i18n.properties": 1765868742702,
  "Component-preload.js.map": 1770732623088,
  "view/fragments/UploadSetupDialog.fragment.xml": 1770731211947,
  "view/fragments/UploadAmortizationDialog.fragment.xml": 1770731202115,
  "view/fragments/ShareDialog.fragment.xml": 1770731120423,
  "view/fragments/SetupForm.fragment.xml": 1770731188995,
  "view/fragments/DataSourceMapping.fragment.xml": 1770731177943,
  "view/fragments/CurrentSetups.fragment.xml": 1770731167915,
  "view/Main.view.xml": 1770732475468,
  "view/App.view.xml": 1765868742702,
  "css/style.css": 1765868742702,
  "index.html": 1765868742702
}