{
  "view/fragments/SetupForm.fragment.xml": 1765869983755,
  "controller/App.controller.js": 1765868742702,
  "controller/Main.controller.js": 1765980157182,
  "model/models.js": 1765868742702,
  "manifest.json": 1765868742702,
  "Component.js": 1765868742702,
  "model/models-dbg.js": 1765868742702,
  "model/models.js.map": 1765980687927,
  "controller/Main-dbg.controller.js": 1765980157182,
  "controller/Main.controller.js.map": 1765980688009,
  "controller/App-dbg.controller.js": 1765868742702,
  "controller/App.controller.js.map": 1765980687926,
  "Component-dbg.js": 1765868742702,
  "Component.js.map": 1765980687915,
  "Component-preload.js": 1765980688137,
  "Component-preload.js.map": 1765980688137,
  "view/fragments/UploadSetupDialog.fragment.xml": 1765975890141,
  "i18n/i18n.properties": 1765868742702,
  "view/fragments/CurrentSetups.fragment.xml": 1765980674609,
  "view/Main.view.xml": 1765980631317,
  "view/App.view.xml": 1765868742702,
  "css/style.css": 1765868742702,
  "index.html": 1765868742702
}